<?xml version="1.0" encoding="UTF-8"?>
<WMT_MS_Capabilities version="1.3.0">

    <Service>
        <Name>OGC:WMS</Name>
        <Title>NASA WorldWind WMS</Title>
        <Abstract>

        </Abstract>
        <KeywordList>
            <Keyword>WMS</Keyword>
        </KeywordList>
        <OnlineResource xmlns:xlink="http://www.w3.org/1999/xlink" xlink:type="simple"
                        xlink:href="http://geoserver.sourceforge.net/html/index.php"/>
        <ContactInformation>
            <ContactPersonPrimary>
                <ContactPerson>Rick Brownrigg</ContactPerson>
                <ContactOrganization>NASA WorldWind Project</ContactOrganization>
            </ContactPersonPrimary>
            <ContactPosition/>
            <ContactAddress>
                <AddressType/>
                <Address/>
                <City/>
                <StateOrProvince/>
                <PostCode/>
                <Country/>
            </ContactAddress>
            <ContactVoiceTelephone/>
            <ContactFacsimileTelephone/>
            <ContactElectronicMailAddress/>
        </ContactInformation>
        <Fees>NONE</Fees>
        <AccessConstraints>NONE</AccessConstraints>
    </Service>


    <Capability>

        <Request>
            <GetCapabilities>
                <Format>application/vnd.ogc.wms_xml</Format>
                <DCPType>
                    <HTTP>
                        <Get>
                            <OnlineResource xmlns:xlink="http://www.w3.org/1999/xlink" xlink:type="simple"
                                            xlink:href="http://localhost:8080/wms?SERVICE=WMS&amp;"/>
                        </Get>
                        <!--  NOT YET!
                                    <Post>
                                      <OnlineResource xmlns:xlink="http://www.w3.org/1999/xlink" xlink:type="simple" xlink:href="http://localhost:8080/geoserver/wms?SERVICE=WMS&amp;"/>
                                    </Post>
                        -->
                    </HTTP>
                </DCPType>
            </GetCapabilities>

            <GetMap>
                <!-- *****  <Format>image/dds</Format>  ***** -->
                <Format>image/png</Format>
                <!-- UNSUPPORTED AS OF YET UNDER NEWER ImageFormatter framework
                <Format>image/jpeg</Format>
                <Format>image/geotiff</Format>
                -->
                <DCPType>
                    <HTTP>
                        <Get>
                            <OnlineResource xmlns:xlink="http://www.w3.org/1999/xlink" xlink:type="simple"
                                            xlink:href="http://localhost:8080/wms?SERVICE=WMS&amp;"/>
                        </Get>
                    </HTTP>
                </DCPType>
            </GetMap>

            <GetFeatureInfo>
                <Format>text/plain</Format>
                <Format>text/html</Format>
                <Format>application/vnd.ogc.gml</Format>
                <DCPType>
                    <HTTP>
                        <Get>
                            <OnlineResource xmlns:xlink="http://www.w3.org/1999/xlink" xlink:type="simple"
                                            xlink:href="http://localhost:8080/geoserver/wms?SERVICE=WMS&amp;"/>
                        </Get>
                        <Post>
                            <OnlineResource xmlns:xlink="http://www.w3.org/1999/xlink" xlink:type="simple"
                                            xlink:href="http://localhost:8080/geoserver/wms?SERVICE=WMS&amp;"/>
                        </Post>
                    </HTTP>
                </DCPType>
            </GetFeatureInfo>

            <!-- NOT YET!
                  <DescribeLayer>
                    <Format>application/vnd.ogc.wms_xml</Format>
                    <DCPType>
                      <HTTP>
                        <Get>
                          <OnlineResource xmlns:xlink="http://www.w3.org/1999/xlink" xlink:type="simple" xlink:href="http://localhost:8080/geoserver/wms?SERVICE=WMS&amp;"/>
                        </Get>
                      </HTTP>
                    </DCPType>
                  </DescribeLayer>
            -->

            <!-- NOT YET!
                  <GetLegendGraphic>
                    <Format>image/png</Format>
                    <Format>image/jpeg</Format>
                    <Format>image/gif</Format>
                    <DCPType>
                      <HTTP>
                        <Get>
                          <OnlineResource xmlns:xlink="http://www.w3.org/1999/xlink" xlink:type="simple" xlink:href="http://localhost:8080/geoserver/wms?SERVICE=WMS&amp;"/>
                        </Get>
                      </HTTP>
                    </DCPType>
                  </GetLegendGraphic>
            -->
        </Request>

        <Exception>
            <Format>application/vnd.ogc.se_xml</Format>
        </Exception>

        <UserDefinedSymbolization SupportSLD="1" UserLayer="1" UserStyle="1" RemoteWFS="0"/>

        <Layer>
            <Title>NASA WorldWind WMS</Title>
            <Abstract>

            </Abstract>
            <CRS>EPSG:4326</CRS>
            <!--common SRS  -All supported EPSG projections?
            <SRS>EPSG:2000</SRS>
            <SRS>EPSG:2001</SRS>
            <SRS>EPSG:2002</SRS>
            <SRS>EPSG:2003</SRS>
            ...many, many SRSs reported...
            -->
            <!--
                  <LatLonBoundingBox minx="-180.0" miny="-90.0" maxx="180.0" maxy="90.0"/>
            -->
            <Layer queryable="0">
                <Name>bmng</Name>
                <Title>BlueMarble Next Generation</Title>
                <Abstract>Extracted from NASA Blue Marble</Abstract>
                <KeywordList>
                    <Keyword>Blue Marble</Keyword>
                </KeywordList>
                <CRS>EPSG:4326</CRS>
                <EX_GeographicBoundingBox>
                    <westBoundLongitude>-180.</westBoundLongitude>
                    <eastBoundLongitude>180.</eastBoundLongitude>
                    <northBoundLatitude>90.</northBoundLatitude>
                    <southBoundLatitude>-90.</southBoundLatitude>
                </EX_GeographicBoundingBox>
                <BoundingBox SRS="EPSG:4326" minx="-180" miny="-90" maxx="180" maxy="90"/>
            </Layer>
            
            <Layer queryable="0">
                <Name>RPFs</Name>
                <Title>RPF Collection</Title>
                <Abstract>Extracted from NASA Blue Marble</Abstract>
                <KeywordList>
                    <Keyword>Blue Marble</Keyword>
                </KeywordList>
                <CRS>EPSG:4326</CRS>
                <EX_GeographicBoundingBox>
                    <westBoundLongitude>-180.</westBoundLongitude>
                    <eastBoundLongitude>180.</eastBoundLongitude>
                    <northBoundLatitude>90.</northBoundLatitude>
                    <southBoundLatitude>-90.</southBoundLatitude>
                </EX_GeographicBoundingBox>
                <BoundingBox SRS="EPSG:4326" minx="-180" miny="-90" maxx="180" maxy="90"/>
            </Layer>
            
            <Layer queryable="0">
                <Name>iraqCADRGs</Name>
                <Title>RPF Testing layer</Title>
                <Abstract></Abstract>
                <KeywordList>
                    <Keyword>CADRG</Keyword>
                </KeywordList>
                <CRS>EPSG:4326</CRS>
                <EX_GeographicBoundingBox>
                    <westBoundLongitude>-180</westBoundLongitude>
                    <eastBoundLongitude>180</eastBoundLongitude>
                    <northBoundLatitude>90</northBoundLatitude>
                    <southBoundLatitude>-90</southBoundLatitude>
                </EX_GeographicBoundingBox>
                <BoundingBox SRS="EPSG:4326" minx="-180" miny="-90" maxx="180"
                             maxy="90"/>
                <!--
                <EX_GeographicBoundingBox>
                    <westBoundLongitude>43.450831024931</westBoundLongitude>
                    <eastBoundLongitude>44.048779431691</eastBoundLongitude>
                    <northBoundLatitude>32.02621483376</northBoundLatitude>
                    <southBoundLatitude>31.474144821675</southBoundLatitude>
                </EX_GeographicBoundingBox>
                <BoundingBox SRS="EPSG:4326" minx="43.450831024931" miny="31.474144821675" maxx="44.048779431691"
                             maxy="32.02621483376"/>
-->
            </Layer>

            <Layer queryable="0">
                <Name>iraqCIBs</Name>
                <Title>RPF Testing layer2</Title>
                <Abstract></Abstract>
                <KeywordList>
                    <Keyword>CADRG</Keyword>
                </KeywordList>
                <CRS>EPSG:4326</CRS>
                <EX_GeographicBoundingBox>
                    <westBoundLongitude>-180</westBoundLongitude>
                    <eastBoundLongitude>180</eastBoundLongitude>
                    <northBoundLatitude>90</northBoundLatitude>
                    <southBoundLatitude>-90</southBoundLatitude>
                </EX_GeographicBoundingBox>
                <BoundingBox SRS="EPSG:4326" minx="-180" miny="-90" maxx="180"
                             maxy="90"/>
                <!--
                <EX_GeographicBoundingBox>
                    <westBoundLongitude>43.450831024931</westBoundLongitude>
                    <eastBoundLongitude>44.048779431691</eastBoundLongitude>
                    <northBoundLatitude>32.02621483376</northBoundLatitude>
                    <southBoundLatitude>31.474144821675</southBoundLatitude>
                </EX_GeographicBoundingBox>
                <BoundingBox SRS="EPSG:4326" minx="43.450831024931" miny="31.474144821675" maxx="44.048779431691"
                             maxy="32.02621483376"/>
-->
            </Layer>
        </Layer>
    </Capability>
</WMT_MS_Capabilities>
