<?xml version="1.0" encoding="UTF-8"?>
<WMT_MS_Capabilities version="1.3.0">

    <Service>
        <Name>OGC:WMS</Name>
        <Title>NASA WorldWind WMS</Title>
        <Abstract>

        </Abstract>
        <KeywordList>
            <Keyword>WMS</Keyword>
        </KeywordList>
        <OnlineResource xmlns:xlink="http://www.w3.org/1999/xlink" xlink:type="simple"
                        xlink:href="http://geoserver.sourceforge.net/html/index.php"/>
        <ContactInformation>
            <ContactPersonPrimary>
                <ContactPerson></ContactPerson>
                <ContactOrganization></ContactOrganization>
            </ContactPersonPrimary>
            <ContactPosition/>
            <ContactAddress>
                <AddressType/>
                <Address/>
                <City/>
                <StateOrProvince/>
                <PostCode/>
                <Country/>
            </ContactAddress>
            <ContactVoiceTelephone/>
            <ContactFacsimileTelephone/>
            <ContactElectronicMailAddress/>
        </ContactInformation>
        <Fees>NONE</Fees>
        <AccessConstraints>NONE</AccessConstraints>
    </Service>


    <Capability>

        <Request>

            <!-- GetCapabilities request -->
            <GetCapabilities>
                <Format>application/vnd.ogc.wms_xml</Format>
                <DCPType>
                    <HTTP>
                        <Get>
                            <OnlineResource xmlns:xlink="http://www.w3.org/1999/xlink" xlink:type="simple"
                                            xlink:href="http://@HOSTNAME@:@PORT@/wms?SERVICE=WMS&amp;"/>
                        </Get>
                    </HTTP>
                </DCPType>
            </GetCapabilities>

            <!-- The GetMap request.  -->
            <GetMap>
                <Format>image/dds</Format>
                <Format>image/png</Format>
                <DCPType>
                    <HTTP>
                        <Get>
                            <OnlineResource xmlns:xlink="http://www.w3.org/1999/xlink" xlink:type="simple"
                                            xlink:href="http://@HOSTNAME@:@PORT@/wms?SERVICE=WMS&amp;"/>
                        </Get>
                    </HTTP>
                </DCPType>
            </GetMap>

            <!-- GetFeatureInfo request currently not supported.
            <GetFeatureInfo>
                <Format>text/plain</Format>
                <Format>text/html</Format>
                <Format>application/vnd.ogc.gml</Format>
                <DCPType>
                    <HTTP>
                        <Get>
                            <OnlineResource xmlns:xlink="http://www.w3.org/1999/xlink" xlink:type="simple"
                                            xlink:href="http://@HOSTNAME@:@PORT@/geoserver/wms?SERVICE=WMS&amp;"/>
                        </Get>
                    </HTTP>
                </DCPType>
            </GetFeatureInfo>
            -->
        </Request>

        <Exception>
            <Format>application/vnd.ogc.se_xml</Format>
        </Exception>

        <!-- not currently supported
        <UserDefinedSymbolization SupportSLD="1" UserLayer="1" UserStyle="1" RemoteWFS="0"/>
         -->

        <Layer>
            <Title></Title>
            <Abstract></Abstract>

            <CRS>EPSG:4326</CRS>

            <!-- nested layer descriptions are programmatically placed here by the WMS. The
                 <insert></insert> pair is a textual find&replace marker for the server.
            -->
            <Insert></Insert>

        </Layer>

    </Capability>
</WMT_MS_Capabilities>
